"calories","cook","directions","ingredients","name","prep","rating","ready in","url"
"233","1 hr","1. Combine ketchup, brown sugar, and cider vinegar in a bowl; mix well. 2. Preheat oven to 350 degrees F (175 degrees C). Spray two 9x5-inch loaf pans with cooking spray or line with aluminum foil for easier cleanup (see Cook's Note). 3. Place onion and green pepper in covered microwave container and cook until softened, 1 to 2 minutes. Set aside to cool. 4. In large mixing bowl, combine garlic, eggs, thyme, seasoned salt, black pepper, mustard, Worcestershire sauce, hot sauce, milk, and oats. Mix well. Stir in cooked onion and green pepper. Add ground beef, pork, and veal. With gloved hands, work all ingredients together until completely mixed and uniform. 5. Divide meatloaf mixture in half and pat half of mixture into each prepared loaf pan. Brush loaves with half of the glaze; set remainder of glaze aside. 6. Bake in preheated oven for 50 minutes. Remove pans from oven; carefully drain fat. Brush loaves with remaining glaze. Return to oven and bake for 10 minutes more. Remove pans from oven and allow meatloaf to stand for 15 minutes before slicing.","½ cup ketchup, ¼ cup brown sugar, 2 tablespoons cider vinegar, cooking spray, 1 onion, chopped, ½ green bell pepper, chopped, 2 cloves garlic, minced, 2 large eggs, lightly beaten, 1 teaspoon dried thyme, 1 teaspoon seasoned salt, ½ teaspoon ground black pepper, 2 teaspoons prepared mustard, 2 teaspoons Worcestershire sauce, ½ teaspoon hot pepper sauce (such as Tabasco®), ½ cup milk, ⅔ cup quick cooking oats, 1 pound ground beef, ½ pound ground pork, ½ pound ground veal","Tennessee Meatloaf","40 mins","4.5","1 hr 55 mins","https://www.allrecipes.com/recipe/232247/tennessee-meatloaf/"
"350","12 mins","1. Place salmon fillets on a baking sheet and season with salt and black pepper. 2. Combine pecans, maple syrup, vinegar, paprika, chipotle powder, and onion powder in a food processor; pulse until texture is crumbly. Spoon pecan mixture on top of each salmon fillet, coating the entire top surface. Refrigerate coated salmon, uncovered, for 2 to 3 hours. 3. Preheat oven to 425 degrees F (220 degrees C). 4. Bake salmon in the preheated oven until fish flakes easily with a fork, 12 to 14 minutes.","4 (4 ounce) fillets salmon, salt and ground black pepper to taste, ½ cup pecans, 3 tablespoons pure maple syrup, 1 tablespoon apple cider vinegar, 1 teaspoon smoked paprika, ½ teaspoon chipotle pepper powder, ½ teaspoon onion powder","Paleo Pecan-Maple Salmon","15 mins","4.5","2 hrs 27 mins","https://www.allrecipes.com/recipe/244507/paleo-pecan-maple-salmon/"
"108","25 mins","1. Combine 3/4 cup flour, sugar, undissolved yeast, and salt in a large bowl. 2. Heat milk, water, and 2 tablespoons butter in a saucepan until very warm (120 degrees to 130 degrees F). 3. Add warm milk mixture to the flour mixture. Beat for 2 minutes on medium speed of an electric mixer, scraping the bowl occasionally. Add 1/4 cup flour; beat for 2 minutes at high speed. Stir in enough remaining flour to make soft dough. 4. Knead dough on a lightly floured surface until smooth and elastic, about 8 to 10 minutes. Cover; let rest for 10 minutes. 5. Divide dough into 12 equal pieces. Shape pieces into balls and place in a greased 8-inch round pan. Cover and let rise in warm, draft-free place until doubled in size, about 30 minutes. 6. Preheat the oven to 375 degrees F (190 degrees C). 7. Bake rolls in the preheated oven until golden brown on top, about 20 minutes. Serve warm.","2 cups all-purpose flour, divided, or as needed, 2 tablespoons white sugar, 1 (.25 ounce) envelope Fleischmann's® RapidRise Yeast, ½ teaspoon salt, ½ cup milk, ¼ cup water, 2 tablespoons butter","Classic Dinner Rolls","20 mins","4.5","1 hr 25 mins","https://www.allrecipes.com/recipe/215378/classic-dinner-rolls/"
"455","25 mins","1. Preheat oven to 375 degrees F (190 degrees C). Line a 9x13-inch baking dish with parchment paper. 2. Bring a large pot of water to a boil. Cook elbow macaroni in the boiling water, stirring occasionally until almost cooked through and firm to the bite, about 7 minutes. Drain and transfer to a large bowl. Sprinkle macaroni with 1/2 teaspoon salt and stir 1/2 cup butter into the pasta. 3. Mix 1/4 cup butter, sour cream, cream cheese, sharp Cheddar cheese, and egg yolk together in a bowl. Stir flour, 1/2 teaspoon salt, cayenne pepper, and milk into the sour cream mixture. 4. Spread 1/4 cup sour cream sauce over bottom of prepared baking dish. Stir remaining sour cream sauce into macaroni. Pour macaroni into baking dish atop sauce layer; sprinkle mild Cheddar cheese over the casserole. 5. Bake in the preheated oven until heated through and cheese topping has melted, about 15 minutes.","1 (16 ounce) package elbow macaroni, ½ teaspoon salt, ¾ cup butter, softened - divided, 1 cup sour cream, 1 tablespoon cream cheese, softened, 1 (8 ounce) package shredded sharp Cheddar cheese, 1 egg yolk, 2 tablespoons all-purpose flour, ½ teaspoon salt, ½ teaspoon ground cayenne pepper, 1 cup milk, 1 (8 ounce) package shredded mild Cheddar cheese","Tasty Baked Mac n Cheese","30 mins","4.5","55 mins","https://www.allrecipes.com/recipe/230283/tasty-baked-mac-n-cheese/"
"278","35 mins","1. Heat vegetable oil in a skillet over medium heat; cook and stir pork in hot vegetable oil until browned, about 10 minutes. Transfer pork to a bowl. Heat butter in the same skillet; cook and stir cabbage until wilted, about 5 minutes. Stir onion into cabbage and cook until onion is translucent, stirring often, about 5 more minutes. 2. Sprinkle vegetables with caraway seeds and season with salt and black pepper; pour 1/2 cup chicken broth into skillet. Raise heat to medium-high and cook until broth has nearly evaporated; pour remaining 1 cup broth into skillet. Return pork to skillet, add red and green bell peppers, and cover; cook until peppers start to soften, about 10 minutes.","1 tablespoon vegetable oil, 1 pound boneless pork, cut into thin bite-size pieces, 1 tablespoon butter, ½ head cabbage, shredded, 1 onion, diced, ½ teaspoon caraway seeds, salt and ground black pepper to taste, 1 ½ cups chicken broth, divided, 1 red bell pepper, diced, 1 green bell pepper, diced","New Year Day Dinner","25 mins","5","1 hr","https://www.allrecipes.com/recipe/230531/new-year-day-dinner/"
"385","40 mins","1. Preheat oven to 400 degrees F (200 degrees C). Lightly grease a baking sheet. 2. In a medium saucepan, bring water to a boil. Stir in the rice. Reduce heat, cover, and simmer for 20 minutes. Remove from heat, and set aside. 3. Place the peppers cut-side down on the prepared baking sheet. Roast 25 to 30 minutes in the preheated oven, or until tender and skin starts to brown. 4. While the peppers are roasting, heat oil in a medium skillet over medium-high heat. Cook the onions, basil, Italian seasoning, salt, and pepper in oil for 2 to 3 minutes. Stir in the tomato, and cook for 5 minutes. Spoon in the cooked rice, and stir until heated through. Remove from heat, mix in the feta cheese, and spoon the mixture into the pepper halves. 5. Return to the oven for 5 minutes. Serve immediately.","1 cup water, ½ cup uncooked Arborio rice, 2 green bell peppers, halved and seeded, 1 tablespoon olive oil, 2 green onions, thinly sliced, 1 teaspoon dried basil, 1 teaspoon Italian seasoning, 1 teaspoon salt, 1 pinch ground black pepper, 1 tomato, diced, ½ cup crumbled feta cheese","Stuffed Peppers My Way","20 mins","4.5","1 hr","https://www.allrecipes.com/recipe/21190/stuffed-peppers-my-way/"
"370","55 mins","1. Sprinkle pork chops with poultry seasoning, salt, and black pepper on both sides. Heat vegetable oil in a large skillet over medium-high heat; brown pork chops well on both sides, about 5 minutes per side. Transfer to a plate. 2. Discard excess grease from pan and melt butter in the same skillet. Reduce heat to medium and stir onion in the hot skillet with a pinch of salt until onion is very browned and caramelized, about 15 minutes. Stir in garlic and cook for 1 minute; stir in flour and cook for 2 minutes. 3. Pour chicken broth into skillet and stir, dissolving browned bits of food in the bottom of the skillet. Pour juices that have accumulated on plate containing pork chops into the sauce. Mix in buttermilk until smooth. Add water. Bring sauce to a simmer, reduce heat to low, and cook until onions begin to break down and sauce is thickened, 15 to 20 minutes. 4. Place pork chops into sauce, spooning sauce over meat to coat. Turn heat to low and simmer until chops are tender and cooked through, about 10 minutes. Adjust levels of salt and pepper and serve chops with gravy on top.","4 large bone-in pork chops, about 1 inch thick, 1 teaspoon poultry seasoning, salt and freshly ground black pepper to taste, 2 tablespoons vegetable oil, 1 tablespoon butter, 1 large yellow onion, sliced, 4 cloves garlic, minced, 1 ½ tablespoons all-purpose flour, 1 ½ cups chicken broth, ¼ cup buttermilk, ¼ cup water","Chef John's Smothered Pork Chops","15 mins","4.5","1 hr 10 mins","https://www.allrecipes.com/recipe/234803/chef-johns-smothered-pork-chops/"
"594","1 hr 10 mins","1. Brown sausage and ground beef with onion and garlic in a large Dutch oven or heavy pot over medium heat, cooking and stirring until meat is cooked through, 10 to 15 minutes. Drain and discard grease. Stir tomato sauce, crushed tomatoes, Italian-style crushed tomatoes, tomato paste, basil, 2 tablespoons parsley, brown sugar, salt, Italian seasoning, black pepper, fennel seeds, and 1/2 cup Parmesan cheese into meat mixture. Bring to a boil, reduce heat to low, and simmer sauce for at least 1 hour (up to 6 for best flavor). Stir occasionally. 2. Place lasagna noodles into a deep bowl and cover with very hot tap water; let soak for 30 minutes. 3. Beat egg in a bowl and stir ricotta cheese, 2 tablespoons parsley, 1/2 teaspoon salt, and nutmeg into egg until thoroughly combined. 4. Preheat oven to 375 degrees F (190 degrees C). 5. Cover bottom of a 9x13-inch baking dish with 1 cup sauce. Layer 4 soaked lasagna noodles, 1/3 of the ricotta cheese mixture, 1/3 of the shredded mozzarella cheese, and 1/4 cup Parmesan cheese in the dish. Repeat layers twice more, ending with mozzarella and Parmesan cheeses. Cover dish with aluminum foil. 6. Bake until lasagna noodles are tender and casserole is bubbling, about 50 minutes. Remove foil and bake until cheese topping is lightly browned, 15 to 20 more minutes. Let stand 15 minutes before serving.","1 pound bulk Italian sausage, 1 pound ground beef, 1 cup chopped onion, 4 cloves garlic, minced, 2 (8 ounce) cans tomato sauce, 1 (14 ounce) can crushed tomatoes, 1 (14 ounce) can Italian-style crushed tomatoes, 2 (6 ounce) cans tomato paste, 3 tablespoons chopped fresh basil, 2 tablespoons chopped fresh parsley, 2 teaspoons brown sugar, 1 teaspoon salt, 1 teaspoon Italian seasoning, ¼ teaspoon ground black pepper, ½ teaspoon fennel seeds (Optional), ½ cup grated Parmesan cheese, 12 lasagna noodles, 1 egg, 1 (15 ounce) container ricotta cheese, 2 tablespoons chopped fresh parsley, ½ teaspoon salt, 1 pinch ground nutmeg, 1 (16 ounce) package shredded mozzarella cheese, divided, ¾ cup grated Parmesan cheese, divided","Kim's Lasagna","30 mins","4.5","2 hrs 25 mins","https://www.allrecipes.com/recipe/232337/kims-lasagna/"
"373","55 mins","1. Preheat oven to 350 degrees F (175 degrees C). 2. Bring a large pot of salted water to boil; place noodles in water and bring to boil again. Cook until al dente; drain well. 3. While noodles are cooking saute in a medium size saucepan vegetable oil, onion, green and red bell peppers. Saute until tender. 4. Pour soup, tuna, milk, salt and black pepper into the saucepan. Mix well over medium-low heat. 5. Fold the noodles into the saucepan. 6. Pour entire mixture into a 2 quart casserole. Sprinkle bread crumbs over the mixture. Bake 20 to 30 minutes or until the top is crisp and golden brown.","1 (12 ounce) package egg noodles, 2 tablespoons vegetable oil, ¼ cup chopped onion, ¼ cup chopped green bell pepper, ¼ cup red bell pepper, chopped, 1 (11 ounce) can condensed cream of Cheddar cheese soup, 1 (5 ounce) can tuna, drained, ¼ cup milk, ¼ teaspoon salt, ground black pepper to taste, ¼ cup Italian seasoned bread crumbs","Cheesy Tuna Noodle Casserole","10 mins","4","1 hr 5 mins","https://www.allrecipes.com/recipe/12843/cheesy-tuna-noodle-casserole/"
"579","10 mins","1. In a large bowl, mix together rice wine vinegar, garlic, brown sugar, olive oil, and salt and pepper. Stir in pork pieces, cover, and leave at room temperature for 1/2 hour. 2. Heat a large wok over medium heat. Toast almonds in hot, dry wok until golden brown and fragrant. 3. Heat vegetable oil in wok over medium-high heat. Stir in marinated pork pieces, ginger, and chile paste. (Discard remaining marinade.) Mix in teriyaki sauce, and increase heat to high; cook, stirring constantly, until pork is white. Stir in peppers, and continue to stir fry until most of the liquid has evaporated. Top with toasted almond slivers and fresh mint.","¼ cup rice wine vinegar, 2 tablespoons minced garlic, 1 tablespoon brown sugar, 5 tablespoons olive oil, salt and pepper to taste, 4 boneless pork loin chops, cut into bite sized pieces, 5 tablespoons vegetable oil, 3 tablespoons finely chopped fresh ginger root, 1 tablespoon hot chile paste, 5 tablespoons teriyaki sauce, 1 green bell pepper, cut into strips, 1 red bell pepper, cut into strips, 1 yellow bell pepper, cut into strips, salt and pepper to taste, ¼ cup blanched slivered almonds, 2 tablespoons chopped fresh mint","Pork and Pepper Stir Fry","30 mins","4.5","1 hr 10 mins","https://www.allrecipes.com/recipe/82439/pork-and-pepper-stir-fry/"
"448","2 hrs 30 mins","1. In a Dutch oven, cook sausage, ground beef, onion, and garlic over medium heat until well browned. Stir in crushed tomatoes, tomato paste, tomato sauce, and water. Season with sugar, basil, fennel seeds, Italian seasoning, 1 teaspoon salt, pepper, and 2 tablespoons parsley. Simmer, covered, for about 1 1/2 hours, stirring occasionally. 2. Bring a large pot of lightly salted water to a boil. Cook lasagna noodles in boiling water for 8 to 10 minutes. Drain noodles, and rinse with cold water. In a mixing bowl, combine ricotta cheese with egg, remaining parsley, and 1/2 teaspoon salt. 3. Preheat oven to 375 degrees F (190 degrees C). 4. To assemble, spread 1 1/2 cups of meat sauce in the bottom of a 9x13-inch baking dish. Arrange 6 noodles lengthwise over meat sauce. Spread with one half of the ricotta cheese mixture. Top with a third of mozzarella cheese slices. Spoon 1 1/2 cups meat sauce over mozzarella, and sprinkle with 1/4 cup Parmesan cheese. Repeat layers, and top with remaining mozzarella and Parmesan cheese. Cover with foil: to prevent sticking, either spray foil with cooking spray, or make sure the foil does not touch the cheese. 5. Bake in preheated oven for 25 minutes. Remove foil, and bake an additional 25 minutes. Cool for 15 minutes before serving.","1 pound sweet Italian sausage, ¾ pound lean ground beef, ½ cup minced onion, 2 cloves garlic, crushed, 1 (28 ounce) can crushed tomatoes, 2 (6 ounce) cans tomato paste, 2 (6.5 ounce) cans canned tomato sauce, ½ cup water, 2 tablespoons white sugar, 1 ½ teaspoons dried basil leaves, ½ teaspoon fennel seeds, 1 teaspoon Italian seasoning, 1 ½ teaspoons salt, divided, or to taste, ¼ teaspoon ground black pepper, 4 tablespoons chopped fresh parsley, 12 lasagna noodles, 16 ounces ricotta cheese, 1 egg, ¾ pound mozzarella cheese, sliced, ¾ cup grated Parmesan cheese","World's Best Lasagna","30 mins","5","3 hrs 15 mins","https://www.allrecipes.com/recipe/23600/worlds-best-lasagna/"
"528","5 hrs","1. Pour the vegetable oil into the bottom of a slow cooker. Place the pork roast into the slow cooker; pour in the barbecue sauce, apple cider vinegar, and chicken broth. Stir in the brown sugar, yellow mustard, Worcestershire sauce, chili powder, onion, garlic, and thyme. Cover and cook on High until the roast shreds easily with a fork, 5 to 6 hours. 2. Remove the roast from the slow cooker, and shred the meat using two forks. Return the shredded pork to the slow cooker, and stir the meat into the juices. 3. Spread the inside of both halves of hamburger buns with butter. Toast the buns, butter side down, in a skillet over medium heat until golden brown. Spoon pork into the toasted buns.","1 teaspoon vegetable oil, 1 (4 pound) pork shoulder roast, 1 cup barbeque sauce, ½ cup apple cider vinegar, ½ cup chicken broth, ¼ cup light brown sugar, 1 tablespoon prepared yellow mustard, 1 tablespoon Worcestershire sauce, 1 tablespoon chili powder, 1 extra large onion, chopped, 2 large cloves garlic, crushed, 1 ½ teaspoons dried thyme, 8 hamburger buns, split, 2 tablespoons butter, or as needed","Slow Cooker Texas Pulled Pork","15 mins","4.5","5 hrs 15 mins","https://www.allrecipes.com/recipe/92462/slow-cooker-texas-pulled-pork/"
"549","20 mins","1. Mix olive oil, soy sauce, lemon juice, liquid smoke, mustard, pepper, and garlic powder together in a large glass or ceramic bowl. 2. Place chicken in the bowl turn to coat with marinade. Cover and marinate in the refrigerator for 1 to 4 hours. Do not marinate longer than 4 hours. 3. Preheat an outdoor grill for high heat and lightly oil the grate. 4. Remove chicken from the marinade and shake off excess. Discard the remaining marinade. 5. Cook chicken on the preheated grill until no longer pink in the center and the juices run clear, 6 to 8 minutes per side. An instant-read thermometer inserted into the center should read at least 165 degrees F (74 degrees C).","⅔ cup olive oil, ⅔ cup reduced-sodium soy sauce, ¼ cup lemon juice, 2 tablespoons liquid smoke flavoring, 2 tablespoons spicy brown mustard, 2 teaspoons ground black pepper, 2 teaspoons garlic powder, 4 skinless, boneless chicken breast halves","Best Chicken Marinade","5 mins","4.5","1 hr 25 mins","https://www.allrecipes.com/recipe/83793/best-chicken-marinade/"
"471","20 mins","1. Preheat an oven to 450 degrees F (230 degrees C). 2. Place chicken breasts between two sheets of heavy plastic (resealable freezer bags work well) on a solid, level surface. Firmly pound chicken with the smooth side of a meat mallet to a thickness of 1/2-inch. Season chicken thoroughly with salt and pepper. 3. Beat eggs in a shallow bowl and set aside. 4. Mix bread crumbs and 1/2 cup Parmesan cheese in a separate bowl, set aside. 5. Place flour in a sifter or strainer; sprinkle over chicken breasts, evenly coating both sides. 6. Dip a flour-coated chicken breast in beaten eggs. Transfer breast to the bread crumb mixture, pressing crumbs into both sides. Repeat for each breast. Let chicken rest for 10 to 15 minutes. 7. Heat 1/2 inch olive oil in a large skillet on medium-high heat until it begins to shimmer. Cook chicken in the hot oil until golden, about 2 minutes per side. The chicken will finish cooking in the oven. 8. Transfer chicken to a baking dish. Top each breast with 2 tablespoons tomato sauce. Layer each chicken breast with equal amounts of mozzarella cheese, fresh basil, and provolone cheese. Sprinkle remaining Parmesan over top and drizzle each with 1/2 teaspoon olive oil. 9. Bake in the preheated oven until cheese is browned and bubbly and chicken breasts are no longer pink in the center, 15 to 20 minutes. An instant-read thermometer inserted into the center should read at least 165 degrees F (74 degrees C).","4 skinless, boneless chicken breast halves, salt and freshly ground black pepper to taste, 2 large eggs, 1 cup panko bread crumbs, or more as needed, ¾ cup grated Parmesan cheese, divided, 2 tablespoons all-purpose flour, or more if needed, ½ cup olive oil for frying, or as needed, ½ cup prepared tomato sauce, ¼ cup fresh mozzarella, cut into small cubes, ¼ cup chopped fresh basil, ½ cup grated provolone cheese, 2 teaspoons olive oil","Chicken Parmesan","15 mins","5","45 mins","https://www.allrecipes.com/recipe/223042/chicken-parmesan/"
"845","30 mins","1. Preheat the oven to 350 degrees F (175 degrees C). 2. Cook macaroni according to the package directions. Drain. 3. Melt butter in a medium skillet over low heat. Gradually add flour, whisking until well combined. Slowly pour in milk, whisking constantly until smooth. Stir in cheeses, and cook over low heat until cheese is melted and the sauce is a little thick. Put macaroni in large casserole dish, and pour sauce over macaroni. Stir well. 4. Melt butter in a skillet over medium heat. Add breadcrumbs and brown. Spread over the macaroni and cheese to cover. Sprinkle with a little paprika. 5. Bake in the preheated oven for 30 minutes. Serve.","8 ounces uncooked elbow macaroni, ¼ cup butter, 2 ½ tablespoons all-purpose flour, 3 cups milk, 2 cups shredded sharp Cheddar cheese, ½ cup grated Parmesan cheese, 2 tablespoons butter, ½ cup bread crumbs, 1 pinch paprika","Homemade Mac and Cheese","20 mins","4","50 mins","https://www.allrecipes.com/recipe/11679/homemade-mac-and-cheese/"
"539","40 mins","1. Preheat oven to 400 degrees F (200 degrees C). 2. Heat 2 teaspoons olive oil in a large skillet over medium heat, and cook and stir the sausage until browned, 5 to 10 minutes. Transfer cooked sausage to a large baking dish. 3. Pour 1/4 cup of olive oil into the skillet, and cook potatoes, stirring occasionally, until browned, about 10 minutes. Place the potatoes into the baking dish, leaving some oil in the skillet. 4. Cook and stir green and red peppers and onions in the hot skillet until they are beginning to soften, about 5 minutes. Add the vegetables to the baking dish. 5. Pour wine and chicken stock over the vegetables and sausage, and sprinkle with Italian seasoning, salt, and pepper. Gently stir sausage, potatoes, and vegetables together. 6. Bake in the preheated oven until hot and bubbling, 20 to 25 minutes. Serve hot.","2 teaspoons olive oil, 2 pounds Italian sausage links, cut into 2-inch pieces, ¼ cup olive oil, 4 large potatoes, peeled and thickly sliced, 2 large green bell peppers, seeded and cut into wedges, 2 large red bell peppers, seeded and cut into wedges, 3 large onions, cut into wedges, ½ cup white wine, ½ cup chicken stock, 1 teaspoon Italian seasoning, salt and freshly ground black pepper to taste","Sausage, Peppers, Onions, and Potato Bake","20 mins","4.5","1 hr","https://www.allrecipes.com/recipe/214500/sausage-peppers-onions-and-potato-bake/"
"343","30 mins","1. Preheat the oven to 350 degrees F (175 degrees C). 2. Mix bread crumbs, Romano cheese, parsley, salt, pepper, garlic powder, and onion powder together. Combine with water and eggs. Add ground beef and mix well. Roll mixture into balls and place on a nonstick baking sheet. 3. Bake in the preheated oven until browned, about 30 minutes.","1 cup Italian-seasoned bread crumbs, ¼ cup grated Romano cheese, 2 tablespoons chopped fresh parsley, ½ teaspoon salt, ½ teaspoon ground black pepper, ½ teaspoon garlic powder, ½ teaspoon onion powder, ½ cup water, 2 eggs, 1 ½ pounds ground beef","Italian Baked Meatballs","20 mins","4.5","50 mins","https://www.allrecipes.com/recipe/268249/italian-baked-meatballs/"
"359","1 hr","1. Melt butter in a 3-quart saucepan over medium-low heat. Cook onion and garlic in the butter, stirring occasionally, until is browned, 7 to 10 minutes. Remove onion and garlic and set aside. 2. Stir flour slowly into butter. Cook over low heat, stirring constantly, until flour is deep brown, 7 to 10 minutes. Remove from heat. Gradually stir in broth. Add onion, garlic, mushrooms, and parsley. Bring to a boil, stirring constantly. Remove from heat. 3. Coat a large skillet with cooking spray and heat over medium-high heat. Season pork chops with salt and pepper and brown in the hot pan, 5 to 7 minutes per side. Add gravy mixture from the saucepan. Cover and cook over low heat until tender and no longer pink in the centers, 30 to 40 minutes. An instant-read thermometer inserted into the center should read 145 degrees F (63 degrees C).","4 tablespoons butter, 1 onion, thinly sliced and quartered, 4 cloves garlic, minced, 4 tablespoons all-purpose flour, 2 cups beef broth, 1 ½ cups sliced baby bella mushrooms, or more to taste, 1 tablespoon chopped fresh parsley, 4 center-cut pork chops, ½ teaspoon salt, or to taste, ¼ teaspoon ground black pepper, or to taste, cooking spray","Southern Smothered Pork Chops in Brown Gravy","10 mins","5","1 hr 10 mins","https://www.allrecipes.com/recipe/277208/southern-smothered-pork-chops-in-brown-gravy/"
"625","3 hrs","1. Preheat the oven to 250 degrees F (120 degrees C). 2. Place ribs in a single layer in a shallow baking pan or roaster; salt if desired. Spread garlic on ribs, then arrange lemon slices on top. 3. Bake in the preheated oven until tender, about 2 hours. Drain any grease and liquid. Pour barbeque sauce over ribs. 4. Reduce oven temperature to 225 degrees F (110 degrees C) and cook ribs until sauce bakes into meat, about 1 hour.","10 country style pork ribs, 2 teaspoons minced garlic, 1 medium lemon, thinly sliced, 1 (18 ounce) bottle barbeque sauce","BBQ Country-Style Ribs","15 mins","4.5","3 hrs 15 mins","https://www.allrecipes.com/recipe/23221/bbq-country-style-ribs/"
"268","15 mins","1. Prepare kabobs: Combine olive oil, garlic, lemon juice, oregano, and salt in a large resealable bag. Add chicken, coat with the marinade, squeeze out excess air and seal the bag; marinate in the refrigerator for 2 hours. 2. Prepare sauce: Mix yogurt, cucumber, olive oil, vinegar, garlic, and salt together in a bowl. Refrigerate sauce for flavors to blend, 1 to 2 hours. 3. Soak wooden skewers in a bowl of cold water for about 15 minutes. Preheat an outdoor grill for medium-high heat and lightly oil the grate. 4. Remove chicken from marinade and thread onto the soaked skewers. Discard unused marinade. 5. Cook the skewers on the preheated grill, turning frequently until browned on all sides and chicken is no longer pink in the center, about 7 to 8 minutes per side. Serve with tzatziki sauce.","¼ cup olive oil, 2 cloves garlic, minced, 2 tablespoons lemon juice, 1 teaspoon dried oregano, ½ teaspoon salt, 1 ½ pounds skinless, boneless chicken breast halves - cut into bite-sized pieces, 6 wooden skewers, or as needed, 1 (6 ounce) container plain Greek-style yogurt, ½ cucumber - peeled, seeded, and grated, 1 tablespoon olive oil, 2 teaspoons white vinegar, 1 clove garlic, minced, 1 pinch salt","Chicken Souvlaki with Tzatziki Sauce","15 mins","4.5","2 hrs 30 mins","https://www.allrecipes.com/recipe/231644/chicken-souvlaki-with-tzatziki-sauce/"
"247","40 mins","1. In a shallow dish or bowl, combine flour, 1/2 teaspoon salt and ground black pepper. Coat chicken breasts with flour mixture. Melt butter in a large skillet over medium heat, and brown chicken on all sides. Remove from skillet, and drain on paper towels. 2. In the same skillet, combine the tomatoes, water, brown sugar, vinegar and Worcestershire sauce. Season with salt, chili powder, mustard, celery seed, garlic and hot pepper sauce. Bring to a boil; reduce heat, and return chicken to skillet. Cover, and simmer for 35 to 40 minutes, or until chicken is tender, no longer pink and juices run clear.","6 skinless, boneless chicken breast halves, ¼ cup all-purpose flour, ½ teaspoon salt, 1 pinch ground black pepper, 3 tablespoons butter, 1 (14.5 ounce) can stewed tomatoes, with liquid, ½ cup water, 2 tablespoons brown sugar, 2 tablespoons distilled white vinegar, 2 tablespoons Worcestershire sauce, 1 teaspoon salt, 2 teaspoons chili powder, 1 teaspoon mustard powder, ½ teaspoon celery seed, 1 clove garlic, minced, ⅛ teaspoon hot pepper sauce","Chicken Breasts Pierre","30 mins","4.5","1 hr 10 mins","https://www.allrecipes.com/recipe/16707/chicken-breasts-pierre/"
"423","1 hr 15 mins","1. Preheat oven to 350 degrees F (175 degrees C). 2. Place chicken in a roasting pan, and season generously inside and out with salt and pepper. Sprinkle inside and out with onion powder. Place 3 tablespoons margarine in the chicken cavity. Arrange dollops of the remaining margarine around the chicken's exterior. Cut the celery into 3 or 4 pieces, and place in the chicken cavity. 3. Bake chicken uncovered in the preheated oven until no longer pink at the bone and the juices run clear, about 1 hour and 15 minutes. An instant-read thermometer inserted into the thickest part of the thigh, near the bone, should read 180 degrees F (82 degrees C). Remove from heat and baste with melted margarine and drippings. Cover with aluminum foil and allow to rest about 30 minutes before serving.","1 (3 pound) whole chicken, giblets removed, salt and black pepper to taste, 1 tablespoon onion powder, or to taste, ½ cup margarine, divided, 1 stalk celery, leaves removed","Juicy Roasted Chicken","10 mins","4.5","1 hr 40 mins","https://www.allrecipes.com/recipe/83557/juicy-roasted-chicken/"
"326","8 hrs 40 mins","1. Remove stems from cilantro and tie together; save leaves for sauce. 2. Place cilantro stems, chicken thighs, water, onion, and garlic into a slow cooker. Season with 1 tablespoon cumin, 1 tablespoon chili powder, 1 tablespoon pepper, and 1 teaspoon salt. 3. Cook on Low until chicken is no longer pink in the centers and juices run clear, 8 to 10 hours. Transfer chicken to a plate and shred using 2 forks. Set aside. Reserve 1 to 1 1/2 cups cooking liquid. Let onion and garlic cool slightly, about 5 minutes. Dice and set aside. 4. Preheat the oven to 450 degrees F (230 degrees C). Spray a baking sheet with cooking spray. 5. Place tomatillos cut-side down and jalapeno onto the prepared baking sheet. Drizzle with canola oil. 6. Roast in the preheated oven for 25 minutes. 7. Remove from the oven and wrap jalapeno pepper in aluminum foil to let 'sweat' for about 10 minutes. Remove skin from jalapeno. 8. Transfer tomatillos, jalapeno, reserved cilantro leaves, green chiles, vinegar, cumin, chili powder, honey, pepper, and salt to a food processor or blender. Mix sauce until well combined. 9. Pour tomatillo sauce into a large pot and add shredded chicken, diced onion and garlic, and beans. Add reserved cooking liquid. Let simmer over medium-low heat for 15 minutes. Serve.","1 bunch fresh cilantro, stems removed, 1 ½ pounds boneless chicken thighs, 4 cups water, 1 onion, quartered, 2 cloves garlic, peeled, 1 tablespoon ground cumin, 1 tablespoon chili powder, 1 tablespoon ground black pepper, 1 teaspoon salt, cooking spray, 1 pound fresh tomatillos, husks removed, halved, ½ jalapeno pepper, seeded and minced, 1 tablespoon canola oil, 1 (4 ounce) can chopped green chilies, 2 tablespoons white vinegar, 1 tablespoon ground cumin, 1 tablespoon chili powder, 1 tablespoon honey, 1 tablespoon ground black pepper, 2 teaspoons kosher salt, 1 cup great Northern beans, rinsed and drained","Slow Cooker Green Chile Chicken","30 mins","5","9 hrs 25 mins","https://www.allrecipes.com/recipe/275468/slow-cooker-green-chile-chicken/"
"369","55 mins","1. Thread 2 or 3 cubes of pork onto each skewer. Sprinkle each skewer on all sides with salt, black pepper, and seasoned salt, and set the skewers aside. 2. Whisk eggs and milk together in a bowl. Place the seasoned bread crumbs in another bowl. Pour 2 cups of water into a 9x13-inch baking dish with a wire rack set in the dish, and set the dish aside. 3. Preheat an oven to 350 degrees F (175 degrees C). Heat oil in a deep-fryer or large saucepan to 350 degrees F (175 degrees C). 4. Dip each skewer of pork into the egg mixture, then dip in crumbs; dip the skewers a second time into egg mixture and then crumbs. Gently lay the skewers, a few at a time, into the hot oil, and brown until the coating is crisp and golden brown, about 3 minutes per side. Set the fried skewers aside while you finish the rest. Once the skewers are all browned, set them on the wire rack in the baking dish. Cover the dish tightly with aluminum foil. 5. Carefully place the baking dish with the skewers into the preheated oven, and bake until hot and no longer pink in the center, about 20 minutes. Remove the foil, and bake 10 minutes more to dry out the crumb coating. Serve hot.","2 pounds boneless pork, cut into 1 1/2-inch cubes, 14 (4 inch) skewers, salt and ground black pepper to taste, seasoned salt (such as LAWRY'S®) to taste, 4 eggs, 3 tablespoons milk, 2 cups Italian seasoned bread crumbs, 2 cups water, 2 cups vegetable oil for frying","Best City Chicken","20 mins","5","1 hr 15 mins","https://www.allrecipes.com/recipe/213666/best-city-chicken/"
"345","30 mins","1. Preheat oven to 350 degrees F (175 degrees C). 2. Cook and stir ground beef in a large skillet over medium heat until no longer pink and completely browned, 7 to 10 minutes; season with salt and black pepper. Stir cream of mushroom soup into the cooked ground beef; pour the mixture into a 9x13-inch baking dish. Layer tater tots evenly over the ground beef mixture; top with Cheddar cheese. 3. Bake until tater tots are golden brown and hot, 30 to 45 minutes.","1 pound ground beef, 1 pinch salt and ground black pepper to taste, 1 (10.75 ounce) can condensed cream of mushroom soup, 2 cups shredded Cheddar cheese, 1 (16 ounce) package frozen tater tots","Tater Tots(R) Casserole","10 mins","4.5","40 mins","https://www.allrecipes.com/recipe/222037/tater-tots-r-casserole/"
"442","45 mins","1. Place chicken stock in a large saucepan over high heat. Add oranges, prunes, dates, currants and cloves and boil until the fruit has broken down a bit, about 7 to 10 minutes. 2. Stir in peppercorns, mace, sugar, rose water and wine; reduce heat to low and simmer for about 10 minutes. Strain and set aside. 3. Brown chicken in a large skillet until lightly browned on both sides; add reserved sauce and cook together, turning and basting, until chicken is cooked through and juices run clear, about 20 to 25 minutes.","2 ½ pounds skinless, boneless chicken breast meat - cubed, ½ cup chicken stock, 2 oranges, peeled and segmented, 4 pitted prunes, 4 pitted dates, ½ cup dried currants, ½ teaspoon whole cloves, 1 teaspoon black peppercorns, ½ teaspoon ground mace, 2 tablespoons white sugar, 1 tablespoon rose water, ¾ cup white wine","Sixteenth Century Orange Chicken","","4","45 mins","https://www.allrecipes.com/recipe/20411/sixteenth-century-orange-chicken/"
"502","40 mins","1. Preheat the oven to 350 degrees F (175 degrees C). Spray a large casserole dish with cooking spray. 2. Bring a large pot of lightly salted water to a boil. Add penne and cook, stirring occasionally, until tender yet firm to the bite, about 11 minutes. Drain. 3. While the pasta is cooking, melt butter in a large skillet over medium heat. Add onion and bell pepper and cook, stirring occasionally, until vegetables are tender, about 5 minutes. Add mushrooms and cook until they release their liquid, about 5 minutes. Add garlic and cook, stirring occasionally, until fragrant, about 1 minute. 4. Stir in processed cheese food, diced tomatoes and juice, diced tomatoes and green chiles with juice, and mild chile peppers. Cook and stir until cheese has melted, 5 to 10 minutes. Remove from heat and stir in cooked pasta and chicken. Pour into the prepared baking dish. 5. Bake in the preheated oven until heated through, about 20 minutes. Serve warm.","cooking spray, 1 (16 ounce) package penne pasta, 4 tablespoons salted butter, 1 large onion, chopped, 1 green bell pepper - stemmed, seeded, and finely chopped, 1 (8 ounce) package sliced fresh mushrooms, 3 cloves garlic, minced, 2 (8 ounce) packages processed cheese food (such as Velveeta®), cubed, 1 (14.5 ounce) can diced tomatoes, undrained, 1 (10 ounce) can diced tomatoes and green chiles (such as RO*TEL®), undrained, 1 (4 ounce) can mild chopped green chile peppers, 4 cups cooked chicken, cut into bite-sized pieces","Pantry Chicken Casserole","15 mins","4.5","55 mins","https://www.allrecipes.com/recipe/279536/pantry-chicken-casserole/"
"511","20 mins","1. Bring a large pot of salted water to a boil; cook linguine in boiling water until nearly tender, 6 to 8 minutes. Drain. 2. Melt 2 tablespoons butter with 2 tablespoons olive oil in a large skillet over medium heat. Cook and stir shallots, garlic, and red pepper flakes in the hot butter and oil until shallots are translucent, 3 to 4 minutes. Season shrimp with kosher salt and black pepper; add to the skillet and cook until pink, stirring occasionally, 2 to 3 minutes. Remove shrimp from skillet and keep warm. 3. Pour white wine and lemon juice into skillet and bring to a boil while scraping the browned bits of food off of the bottom of the skillet with a wooden spoon. Melt 2 tablespoons butter in skillet, stir 2 tablespoons olive oil into butter mixture, and bring to a simmer. Toss linguine, shrimp, and parsley in the butter mixture until coated; season with salt and black pepper. Drizzle with 1 teaspoon olive oil to serve.","1 (16 ounce) package linguine pasta, 2 tablespoons butter, 2 tablespoons extra-virgin olive oil, 2 shallots, finely diced, 2 cloves garlic, minced, 1 pinch red pepper flakes (Optional), 1 pound shrimp, peeled and deveined, 1 pinch kosher salt and freshly ground pepper, ½ cup dry white wine, 1 lemon, juiced, 2 tablespoons butter, 2 tablespoons extra-virgin olive oil, ¼ cup finely chopped fresh parsley leaves, 1 teaspoon extra-virgin olive oil, or to taste","Shrimp Scampi with Pasta","20 mins","4.5","40 mins","https://www.allrecipes.com/recipe/229960/shrimp-scampi-with-pasta/"
"269","5 mins","1. Preheat air fryer to 390 degrees F (200 degrees C). 2. Place buns in the basket of the air fryer and cook for 2 minutes. Remove buns to a plate. 3. Place hot dogs in the basket of the air fryer and cook for 3 minutes. Transfer hot dogs to buns.","4 hot dog buns, 4 hot dogs","Basic Air Fryer Hot Dogs","5 mins","4.5","10 mins","https://www.allrecipes.com/recipe/268494/basic-air-fryer-hot-dogs/"
"494","30 mins","1. Heat a large skillet over medium heat; cook and stir beef and onion until beef is browned, about 5 minutes. Drain. Stir tomatoes, water, rice, and taco seasoning into beef mixture and bring to a boil. Reduce heat to medium-low, cover, and simmer until rice is tender, about 25 minutes. Top with Mexican cheese blend and lettuce before serving.","1 pound ground beef, 1 onion, chopped, 1 (14.5 ounce) can diced tomatoes, 2 cups water, 1 cup converted rice, 1 (1 ounce) package taco seasoning, 1 cup shredded Mexican cheese blend, 1 cup shredded lettuce","Easy Taco Skillet","10 mins","4","40 mins","https://www.allrecipes.com/recipe/232838/easy-taco-skillet/"
"460","15 mins","1. Cook the pasta in a large pot of boiling salted water until al dente. 2. Meanwhile, combine tomatoes and beans in a large non-stick skillet. Bring to a boil over medium high heat. Reduce heat, and simmer 10 minutes. 3. Add spinach to the sauce; cook for 2 minutes or until spinach wilts, stirring constantly. 4. Serve sauce over pasta, and sprinkle with feta.","2 (14.5 ounce) cans Italian-style diced tomatoes, 1 (19 ounce) can cannellini beans, drained and rinsed, 10 ounces fresh spinach, washed and chopped, 8 ounces penne pasta, ½ cup crumbled feta cheese","Greek Pasta with Tomatoes and White Beans","10 mins","4","25 mins","https://www.allrecipes.com/recipe/11669/greek-pasta-with-tomatoes-and-white-beans/"
"518","20 mins","1. Preheat the oven to 350 degrees F (175 degrees C). 2. Place chicken breasts on a flat work surface. Slice horizontally through the middle, being careful not to cut all the way through to the other side. Open the 2 sides and spread them out like an open book to butterfly. 3. Melt butter in a large, oven-safe skillet over medium-high heat. Add garlic, oregano, thyme. Saute until fragrant, about 30 seconds. Add chicken and cook until golden brown but not fully cooked, 3 to 4 minutes per side. Pour 1/4 cup chicken broth into the skillet. 4. Bake in the preheated oven until chicken is no longer pink in the centers and juices run clear, about 15 minutes. 5. Meanwhile, place bacon in a large skillet and cook over medium-high heat, turning occasionally, until evenly browned, about 10 minutes. Drain bacon slices on paper towels and let cool enough to handle, about 5 minutes; chop. 6. At the same time, bring a large pot of lightly salted water to a boil. Cook angel hair pasta in the boiling water, stirring occasionally, until tender yet firm to the bite, 4 to 5 minutes. Drain and keep warm. 7. Remove skillet from the oven and transfer chicken to a plate, reserving juices in the skillet. Keep chicken warm and place skillet on the stovetop. 8. Whisk flour into the skillet over medium heat. Add remaining chicken broth, Parmesan cheese, and whipping cream. Whisk until combined. Add sun-dried tomatoes, red pepper flakes, and salt. Add bacon and chicken back into the skillet. Serve on top of hot cooked pasta.","1 ½ pounds skinless, boneless chicken breast halves, 2 tablespoons butter, 3 cloves garlic, minced, ½ teaspoon dried oregano, ¼ teaspoon ground thyme, ½ cup chicken broth, divided, ½ pound bacon, 1 (16 ounce) package angel hair pasta, 1 tablespoon all-purpose flour, ½ cup freshly shaved Parmesan cheese, ¼ cup whipping cream, ¼ cup chopped sun-dried tomatoes, 1 pinch red pepper flakes, salt to taste","Marry-Me Chicken","15 mins","4.5","35 mins","https://www.allrecipes.com/recipe/275590/marry-me-chicken/"
"189","30 mins","1. In a medium skillet over medium heat, brown the ground beef, onion, and green pepper; drain off liquids. 2. Stir in the garlic powder, mustard, ketchup, and brown sugar; mix thoroughly. Reduce heat, and simmer for 30 minutes. Season with salt and pepper.","1 pound lean ground beef, ¼ cup chopped onion, ¼ cup chopped green bell pepper, ½ teaspoon garlic powder, 1 teaspoon prepared yellow mustard, ¾ cup ketchup, 3 teaspoons brown sugar, salt to taste, ground black pepper to taste","Sloppy Joes II","10 mins","4.5","40 mins","https://www.allrecipes.com/recipe/24264/sloppy-joes-ii/"
"405","15 mins","1. Mix together the flour, salt, and pepper in a shallow bowl. In another bowl, whisk beaten eggs, sugar, and Parmesan cheese until the mixture is thoroughly blended and the sugar has dissolved. 2. Heat olive oil in a large skillet over medium heat until the oil shimmers. Dip the chicken breasts into the flour mixture, then into the egg mixture, and gently lay them into the skillet. Pan-fry the chicken breasts until golden brown and no longer pink in the middle, about 6 minutes on each side. Remove from the skillet and set aside. 3. In the same skillet over medium-low heat, melt the butter, and stir in garlic, sherry, lemon juice, and chicken base. Bring the sauce to a simmer, and stir until smooth and slightly thickened, about 5 minutes. Be sure to dissolve any brown flavor bits from the bottom of the skillet as you stir. Return the chicken breasts to the sauce, and gently simmer until no longer pink in the center, about 15 minutes. 4. To serve, place a chicken breast on a plate, and top with sauce.","¼ cup all-purpose flour, or as needed, salt and black pepper to taste, 2 eggs, beaten, 1 tablespoon white sugar, 1 tablespoon grated Parmesan cheese, 2 tablespoons olive oil, 4 skinless, boneless chicken breast halves, ¼ cup butter, 2 teaspoons minced garlic, ¼ cup dry sherry, ¼ cup lemon juice, 2 teaspoons low-sodium chicken base","Chicken French - Rochester, NY Style","15 mins","5","30 mins","https://www.allrecipes.com/recipe/213487/chicken-french-rochester-ny-style/"
"224","10 mins","1. Drain and reserve liquid from salmon. Mix egg, onion, bread crumbs and salmon together. 2. Make into patties. If mixture is too dry to form into patties, add reserved liquid from salmon. 3. In a frying pan, heat olive oil. Place patties in pan. Brown on each side, turning gently. Drain on paper towels and serve.","1 (14.75 ounce) can canned salmon, 1 egg, ¼ cup chopped onion, ½ cup seasoned dry bread crumbs, 1 tablespoon olive oil","Salmon Patties I","15 mins","4.5","25 mins","https://www.allrecipes.com/recipe/9401/salmon-patties-i/"
"105","15 mins","1. Stir together flour, baking powder, sugar, and salt in a bowl. Cut in butter until mixture is crumbly. Stir in milk and mix until a batter forms that is thick enough to be scooped with a spoon. Allow batter to rest for 3 to 5 minutes.. 2. Drop batter by spoonfuls into boiling stew or soup. Cover and simmer without lifting the lid for 15 minutes. Serve.","1 cup all-purpose flour, 2 teaspoons baking powder, 1 teaspoon white sugar, ½ teaspoon salt, 1 tablespoon margarine, ½ cup milk","Dumplings","5 mins","4.5","20 mins","https://www.allrecipes.com/recipe/6900/dumplings/"
"268","10 mins","1. Heat vegetable oil in a large wok or skillet over medium-high heat; cook and stir beef until browned, 3 to 4 minutes. Move beef to the side of the wok and add broccoli, bell pepper, carrots, green onion, and garlic to the center of the wok. Cook and stir vegetables for 2 minutes. 2. Stir beef into vegetables and season with soy sauce and sesame seeds. Continue to cook and stir until vegetables are tender, about 2 more minutes.","2 tablespoons vegetable oil, 1 pound beef sirloin, cut into 2-inch strips, 1 ½ cups fresh broccoli florets, 1 red bell pepper, cut into matchsticks, 2 carrots, thinly sliced, 1 green onion, chopped, 1 teaspoon minced garlic, 2 tablespoons soy sauce, 2 tablespoons sesame seeds, toasted","Quick Beef Stir-Fry","15 mins","4.5","25 mins","https://www.allrecipes.com/recipe/228823/quick-beef-stir-fry/"
"288","10 mins","1. Preheat a grill for high heat. 2. Mix the ground beef, egg, bread crumbs, evaporated milk, Worcestershire sauce, cayenne pepper, and garlic in a large bowl using your hands. Form the mixture into 8 hamburger patties. 3. Lightly oil the grill grate. Grill patties until browned and no longer pink, about 5 minutes per side.","2 pounds ground beef, 1 egg, beaten, ¾ cup dry bread crumbs, 3 tablespoons evaporated milk, 2 tablespoons Worcestershire sauce, ⅛ teaspoon cayenne pepper, 2 cloves garlic, minced","Juiciest Hamburgers Ever","15 mins","4.5","35 mins","https://www.allrecipes.com/recipe/49404/juiciest-hamburgers-ever/"
"225","","1. Cook pasta in a large pot of boiling water until done. Drain. 2. Meanwhile, heat the oil in a frying pan over medium low heat. Add pesto, onion, and salt and pepper. Cook about five minutes, or until onions are soft. 3. In a large bowl, mix pesto mixture into pasta. Stir in grated cheese. Serve.","½ cup chopped onion, 2 ½ tablespoons pesto, 2 tablespoons olive oil, 2 tablespoons grated Parmesan cheese, 1 (16 ounce) package pasta, salt to taste, ground black pepper to taste","Pesto Pasta","5 mins","4.5","15 mins","https://www.allrecipes.com/recipe/11887/pesto-pasta/"
"715","10 mins","1. Whisk chicken broth, oyster sauce, soy sauce, fish sauce, white sugar, and brown sugar together in a bowl until well blended. 2. Heat large skillet over high heat. Drizzle in oil. Add chicken and stir fry until it loses its raw color, 2 to 3 minutes. Stir in shallots, garlic, and sliced chilies. Continue cooking on high heat until some of the juices start to caramelize in the bottom of the pan, about 2 or 3 more minutes. Add about a tablespoon of the sauce mixture to the skillet; cook and stir until sauce begins to caramelize, about 1 minute. 3. Pour in the rest of the sauce. Cook and stir until sauce has deglazed the bottom of the pan. Continue to cook until sauce glazes onto the meat, 1 or 2 more minutes. Remove from heat. 4. Stir in basil. Cook and stir until basil is wilted, about 20 seconds. Serve with rice.","⅓ cup chicken broth, 1 tablespoon oyster sauce, 1 tablespoon soy sauce, or as needed, 2 teaspoons fish sauce, 1 teaspoon white sugar, 1 teaspoon brown sugar, 2 tablespoons vegetable oil, 1 pound skinless, boneless chicken thighs, coarsely chopped, ¼ cup sliced shallots, 4 cloves garlic, minced, 2 tablespoons minced Thai chilies, Serrano, or other hot pepper, 1 cup very thinly sliced fresh basil leaves, 2 cups hot cooked rice","Spicy Thai Basil Chicken (Pad Krapow Gai)","15 mins","5","25 mins","https://www.allrecipes.com/recipe/257938/spicy-thai-basil-chicken-pad-krapow-gai/"
"455","15 mins","1. In a shallow baking dish, mix the salad dressing, garlic powder, and salt. Place the chicken in the bowl, and turn to coat. Marinate in the refrigerator at least 4 hours. (For best results, marinate overnight.) 2. Preheat the grill for high heat. 3. Lightly oil grate. Discard marinade, and grill chicken 8 minutes on each side, or until juices run clear.","1 (16 ounce) bottle Italian-style salad dressing, 1 teaspoon garlic powder, 1 teaspoon salt, 4 skinless, boneless chicken breast halves","Italian Chicken Marinade","15 mins","4.5","4 hrs 30 mins","https://www.allrecipes.com/recipe/8948/italian-chicken-marinade/"
"300","1 hr 30 mins","1. Preheat oven to 350 degrees F (175 degrees C). 2. Crush garlic with rosemary, salt and pepper in a mortar and pestle to make a paste. Pierce meat with a sharp knife in several places and press garlic paste into the openings. Rub pork loin with the remaining garlic mixture and olive oil. Set into an oven-safe pan. 3. Place pork loin into the preheated oven, turning and basting with pan liquids every 30 minutes. Cook until the pork is no longer pink in the center, 90 minutes to 2 hours. An instant-read thermometer inserted into the center should read 145 degrees F (63 degrees C). Remove roast to a platter and keep warm. 4. Place pan onto the stove over medium-high heat and pour wine into it. Heat wine and stir to loosen browned bits from the bottom of the pan. Simmer for 3 to 5 minutes. 5. Slice pork loin and serve with pan juices.","3 cloves garlic, minced, 1 tablespoon dried rosemary, salt and pepper to taste, 2 pounds boneless pork loin roast, ¼ cup olive oil, ½ cup white wine","Roasted Pork Loin","20 mins","4.5","1 hr 50 mins","https://www.allrecipes.com/recipe/21766/roasted-pork-loin/"
"755","22 mins","1. Bring a large pot of lightly salted water to a boil. Cook spaghetti in the boiling water, stirring occasionally until cooked through but firm to the bite, about 12 minutes. Drain and transfer to a pasta bowl. 2. Combine garlic and olive oil in a cold skillet. Cook over medium heat to slowly toast garlic, about 10 minutes. Reduce heat to medium-low when olive oil begins to bubble. Cook and stir until garlic is golden brown, about another 5 minutes. Remove from heat. 3. Stir red pepper flakes, black pepper, and salt into the pasta. Pour in olive oil and garlic, and sprinkle on Italian parsley and half of the Parmigiano-Reggiano cheese; stir until combined. 4. Serve pasta topped with the remaining Parmigiano-Reggiano cheese.","1 pound uncooked spaghetti, 6 cloves garlic, thinly sliced, ½ cup olive oil, ¼ teaspoon red pepper flakes, or to taste, salt and freshly ground black pepper to taste, ¼ cup chopped fresh Italian parsley, 1 cup finely grated Parmigiano-Reggiano cheese","Spaghetti Aglio e Olio","10 mins","4.5","32 mins","https://www.allrecipes.com/recipe/222000/spaghetti-aglio-e-olio/"
"595","20 mins","1. Bring a large pot of lightly salted water to a boil. Cook pasta in boiling water for 8 to 10 minutes, or until al dente; drain. 2. Preheat oven to 425 degrees F (220 degrees C). 3. In a large bowl, thoroughly mix noodles, onion, 1 cup cheese, peas, tuna, soup and mushrooms. Transfer to a 9x13 inch baking dish, and top with potato chip crumbs and remaining 1 cup cheese. 4. Bake for 15 to 20 minutes in the preheated oven, or until cheese is bubbly.","1 (12 ounce) package egg noodles, ¼ cup chopped onion, 2 cups shredded Cheddar cheese, 1 cup frozen green peas, 2 (5 ounce) cans tuna, drained, 2 (10.75 ounce) cans condensed cream of mushroom soup, ½ (4.5 ounce) can sliced mushrooms, 1 cup crushed potato chips","Best Tuna Casserole","15 mins","4.5","35 mins","https://www.allrecipes.com/recipe/17219/best-tuna-casserole/"
"687","25 mins","1. Gently rinse liver slices under cold water, and place in a medium bowl. Pour in enough milk to cover. Let stand while preparing onions. (I like to soak up to an hour or two - whatever you have time for.) This step is SO important in taking the bitter taste of the liver out. 2. Melt 2 tablespoons of butter in a large skillet over medium heat. Separate onion rings, and saute them in butter until soft. Remove onions, and melt remaining butter in the skillet. Season the flour with salt and pepper, and put it in a shallow dish or on a plate. Drain milk from liver, and coat slices in the flour mixture. 3. When the butter has melted, turn the heat up to medium-high, and place the coated liver slices in the pan. Cook until nice and brown on the bottom. Turn, and cook on the other side until browned. Add onions, and reduce heat to medium. Cook a bit longer to taste. Our family prefers the liver to just barely retain a pinkness on the inside when you cut to check. Enjoy!","2 pounds sliced beef liver, 1 ½ cups milk, or as needed, ¼ cup butter, divided, 2 large Vidalia onions, sliced into rings, 2 cups all-purpose flour, or as needed, salt and pepper to taste","Absolute Best Liver and Onions","20 mins","4.5","45 mins","https://www.allrecipes.com/recipe/58942/absolute-best-liver-and-onions/"
"576","4 hrs","1. Place meat in slow cooker. 2. Mix flour, salt, and pepper together in a small bowl. Pour over meat, and stir until meat is coated. 3. Add beef broth, carrots, potatoes, onion, celery, Worcestershire sauce, paprika, garlic, and bay leave; stir to combine. 4. Cover, and cook until beef is tender enough to cut with a spoon, on Low for 8 to 12 hours, or on High for 4 to 6 hours.","2 pounds beef stew meat, cut into 1-inch pieces, ¼ cup all-purpose flour, ½ teaspoon salt, ½ teaspoon ground black pepper, 1 ½ cups beef broth, 4 medium carrots, sliced, 3 medium potatoes, diced, 1 medium onion, chopped, 1 stalk celery, chopped, 1 teaspoon Worcestershire sauce, 1 teaspoon ground paprika, 1 clove garlic, minced, 1 large bay leaf","Slow Cooker Beef Stew","20 mins","4.5","4 hrs 20 mins","https://www.allrecipes.com/recipe/14685/slow-cooker-beef-stew-i/"
"700","35 mins","1. Bring rice and water to a boil in a saucepan over high heat. Reduce heat to medium-low, cover, and simmer until rice is tender, and liquid has been absorbed, 20 to 25 minutes. 2. Combine soy sauce, brown sugar, and corn starch in a small bowl; stir until smooth. Mix ginger, garlic, and red pepper into sauce; coat chicken with marinade and refrigerate for at least 15 minutes. 3. Heat 1 tablespoon sesame oil in a large skillet over medium-high heat. Cook and stir bell pepper, water chestnuts, broccoli, carrots, and onion until just tender, about 5 minutes. Remove vegetables from skillet and keep warm. 4. Remove chicken from marinade, reserving liquid. Heat 1 tablespoon sesame oil in skillet over medium-high heat. Cook and stir chicken until slightly pink on the inside, about 2 minutes per side; return vegetables and reserved marinade to skillet. Bring to a boil; cook and stir until chicken is no longer pink in the middle and vegetables are tender, 5 to 7 minutes. Serve over rice.","2 cups white rice, 4 cups water, ⅔ cup soy sauce, ¼ cup brown sugar, 1 tablespoon cornstarch, 1 tablespoon minced fresh ginger, 1 tablespoon minced garlic, ¼ teaspoon red pepper flakes, 3 skinless, boneless chicken breast halves, thinly sliced, 1 tablespoon sesame oil, 1 green bell pepper, cut into matchsticks, 1 (8 ounce) can sliced water chestnuts, drained, 1 head broccoli, broken into florets, 1 cup sliced carrots, 1 onion, cut into large chunks, 1 tablespoon sesame oil","Chicken Stir-Fry","30 mins","4.5","1 hr 20 mins","https://www.allrecipes.com/recipe/223382/chicken-stir-fry/"
"319","25 mins","1. In a large bowl, mix together the ground beef, egg, bread crumbs, pepper, salt, onion powder, garlic powder, and Worcestershire sauce. Form into 8 balls, and flatten into patties. 2. Heat the oil in a large skillet over medium heat. Fry the patties and onion in the oil until patties are nicely browned, about 4 minutes per side. Remove the beef patties to a plate, and keep warm. 3. Sprinkle flour over the onions and drippings in the skillet. Stir in flour with a fork, scraping bits of beef off of the bottom as you stir. Gradually mix in the beef broth and sherry. Season with seasoned salt. Simmer and stir over medium-low heat for about 5 minutes, until the gravy thickens. Turn heat to low, return patties to the gravy, cover, and simmer for another 15 minutes.","1 pound ground beef, 1 egg, ¼ cup bread crumbs, ⅛ teaspoon ground black pepper, ½ teaspoon seasoned salt, ½ teaspoon onion powder, ½ teaspoon garlic powder, 1 teaspoon Worcestershire sauce, 1 tablespoon vegetable oil, 1 cup thinly sliced onion, 2 tablespoons all-purpose flour, 1 cup beef broth, 1 tablespoon cooking sherry, ½ teaspoon seasoned salt","Hamburger Steak with Onions and Gravy","15 mins","4.5","40 mins","https://www.allrecipes.com/recipe/78370/hamburger-steak-with-onions-and-gravy/"
"756","30 mins","1. Preheat oven to 350 degrees F (175 degrees C). 2. In a medium saucepan, bring the water to a boil. Mix in the instant rice, cover, and remove from heat. Let stand 5 minutes. 3. In a 9x13 inch baking dish, mix the prepared rice, chicken, cream of mushroom soup, cream of chicken soup, butter, milk, broccoli, onion, and processed cheese. 4. Bake in the preheated oven for 30 to 35 minutes, or until cheese is melted. Stir halfway through cooking to help cheese melt evenly.","2 cups water, 2 cups uncooked instant rice, 2 (10 ounce) cans chunk chicken, drained, 1 (10.75 ounce) can condensed cream of mushroom soup, 1 (10.75 ounce) can condensed cream of chicken soup, ¼ cup butter, 1 cup milk, 1 (16 ounce) package frozen chopped broccoli, 1 small white onion, chopped, 1 pound processed cheese food","Broccoli, Rice, Cheese, and Chicken Casserole","15 mins","4.5","45 mins","https://www.allrecipes.com/recipe/25490/broccoli-rice-cheese-and-chicken-casserole/"
"82","35 mins","1. Cover a baking sheet with foil and spray lightly with cooking spray. 2. Soak bread crumbs in milk in a small bowl for 20 minutes. 3. Heat olive oil in a skillet over medium heat; stir in onion. Cook and stir until onion has softened and turned translucent, about 5 minutes. Reduce heat to low and continue cooking and stirring until onion is very tender, about 15 minutes more. 4. Gently stir beef and pork together in a large bowl (do not overmix). Stir onions, bread crumb mixture, eggs, parsley, garlic, salt, black pepper, red pepper flakes, Italian herb seasoning, and Parmesan cheese into meat mixture with a rubber spatula until combined. Cover and refrigerate for about one hour. 5. Preheat an oven to 425 degrees F (220 degrees C). 6. Using wet hands, form meat mixture into balls about 1 1/2 inches in diameter. Arrange onto prepared baking sheet. 7. Bake in the preheated oven until browned and cooked through, 15 to 20 minutes.","⅓ cup plain bread crumbs, ½ cup milk, 2 tablespoons olive oil, 1 onion, diced, 1 pound ground beef, 1 pound ground pork, 2 eggs, ¼ bunch fresh parsley, chopped, 3 cloves garlic, crushed, 2 teaspoons salt, 1 teaspoon ground black pepper, ½ teaspoon red pepper flakes, 1 teaspoon dried Italian herb seasoning, 2 tablespoons grated Parmesan cheese","Chef John's Italian Meatballs","20 mins","5","2 hrs 15 mins","https://www.allrecipes.com/recipe/220854/chef-johns-italian-meatballs/"
